{
  "epoch": [
    0,
    1,
    2,
    3,
    4,
    5,
    6,
    7,
    8,
    9,
    10,
    11,
    12,
    13,
    14,
    15,
    16,
    17,
    18,
    19,
    20,
    21,
    22,
    23,
    24,
    25,
    26,
    27,
    28,
    29,
    30,
    31,
    32,
    33,
    34,
    35,
    36,
    37,
    38,
    39,
    40,
    41,
    42,
    43,
    44,
    45,
    46,
    47,
    48,
    49,
    50,
    51,
    52,
    53,
    54,
    55,
    56,
    57,
    58,
    59,
    60,
    61,
    62,
    63,
    64,
    65,
    66,
    67,
    68,
    69,
    70,
    71,
    72,
    73,
    74,
    75,
    76,
    77,
    78,
    79,
    80,
    81,
    82,
    83,
    84,
    85,
    86,
    87,
    88,
    89,
    90,
    91,
    92,
    93,
    94,
    95,
    96,
    97,
    98,
    99,
    100
  ],
  "loss_total": [
    0.8842895550605578,
    0.8800760889664675,
    0.8005577448086861,
    0.7878129833783859,
    0.7707745295304519,
    0.7670894998770493,
    0.7614641296557891,
    0.7704116319998716,
    0.754492347057049,
    0.7489843261547577,
    0.7555820086063483,
    0.7536681752938491,
    0.742365150879591,
    0.7294878149643923,
    0.746919225423764,
    0.735520926805643,
    0.7361845007309546,
    0.7249022141481057,
    0.7288861993031625,
    0.7274259634507008,
    0.7150613864262899,
    0.7208467997037448,
    0.7188799472955557,
    0.7107717501811492,
    0.7162941694259644,
    0.715239153458522,
    0.7177677506055588,
    0.6973003118466108,
    0.7058624059726031,
    0.7034813303213853,
    0.7065012867634113,
    0.7020084139628288,
    0.7033587113404886,
    0.7083365321159363,
    0.6974321175844241,
    0.7028122284473517,
    0.6949106561831939,
    0.6979494446363205,
    0.692993374971243,
    0.6782999329077892,
    0.6903550563714443,
    0.6961124035028311,
    0.6928932192998055,
    0.7020224393942417,
    0.6855602111571875,
    0.6826079273835207,
    0.6769200013234065,
    0.6896684154486045,
    0.6872519957713592,
    0.6958499535536155,
    0.6769364170539074,
    0.6739207934110593,
    0.6792560769961431,
    0.6848728886017432,
    0.6736509295610281,
    0.6749349649135883,
    0.6659132945231903,
    0.6617507552489256,
    0.6416403880486121,
    0.6670275911306723,
    0.6568644306598566,
    0.6568398750745333,
    0.643565426270167,
    0.6392220961741912,
    0.6371166094755515,
    0.6215080359043219,
    0.6175199777652056,
    0.6445269385973612,
    0.6841363173264724,
    0.6176308064888685,
    0.6124501579847091,
    0.5997105454787229,
    0.6075291809363242,
    0.5835816646233584,
    0.5468326317958343,
    0.5469781817534031,
    0.5532926810093415,
    0.5215929257564056,
    0.5293087531358768,
    0.5407035526556846,
    0.5114217354701116,
    0.4991506590293004,
    0.5111306607723236,
    0.5174001470590249,
    0.5167373036726927,
    0.49533876394614196,
    0.47641544540723163,
    0.4649519591759413,
    0.48151222253457093,
    0.457537625844662,
    0.4645331188654288,
    0.46256260917736935,
    0.456124545672001,
    0.46588765734281296,
    0.477386352343437,
    0.4477415627393967,
    0.446382992542707,
    0.4409442437000764,
    0.46807502936094236,
    0.4535811428840344,
    0.45544908749751556
  ],
  "loss_bpr": [
    0.6852161532793289,
    0.7171859160447732,
    0.6665775347978641,
    0.6574831818922972,
    0.6476787985899509,
    0.6488973406644968,
    0.6434115905028123,
    0.6528386152707614,
    0.6389177655562376,
    0.634414975459759,
    0.6430623592474521,
    0.6409341754057468,
    0.6323721668659112,
    0.6220761079054612,
    0.6416885806963994,
    0.6307482474889511,
    0.6328852696296496,
    0.6245381083243933,
    0.6282309889793396,
    0.6304586651997689,
    0.6174696485201517,
    0.624794249351208,
    0.6232281342530862,
    0.6168186305425106,
    0.6233863096970779,
    0.6204963708535219,
    0.6238073049447476,
    0.6053542357224685,
    0.6128474428103521,
    0.6078157463134863,
    0.6120624802051446,
    0.6087203881679437,
    0.610486965913039,
    0.6140960638339703,
    0.6071053284865159,
    0.6094384957582523,
    0.6009557537543468,
    0.6055457851825616,
    0.6033620650951679,
    0.5840196777612735,
    0.5969797189419086,
    0.6044324880991226,
    0.6020542490176666,
    0.60978897412618,
    0.5952698435538855,
    0.5903766858272064,
    0.5870698797397125,
    0.5982655500754331,
    0.5941115877567194,
    0.6039940309830201,
    0.5855433268424792,
    0.5818321529107217,
    0.5868677603892791,
    0.5951917889790658,
    0.5835010669170282,
    0.5856217291110601,
    0.572929866038836,
    0.57238330749365,
    0.544214047682591,
    0.5753015761192029,
    0.5640824605257083,
    0.5638684393503727,
    0.5512156157921522,
    0.5478211862918658,
    0.5463239244925671,
    0.5303628971943488,
    0.5246336719928644,
    0.5549819553509737,
    0.5694616016669151,
    0.5271503665508368,
    0.514759796552169,
    0.5108606074100885,
    0.503635001488221,
    0.4941659111243028,
    0.45380839934715855,
    0.4604494800934425,
    0.45757467777301103,
    0.4344692925612132,
    0.43845631984563976,
    0.4542587025043292,
    0.4128970274558434,
    0.41365663134134734,
    0.4220633415075449,
    0.43185957425679916,
    0.41610875267248887,
    0.4125638756996546,
    0.39356479889307266,
    0.38403466191047275,
    0.3978514533776503,
    0.37836121060909367,
    0.3835128629818941,
    0.38416282794414425,
    0.37853157825959033,
    0.3871907645311111,
    0.40056991271483594,
    0.3699407814404903,
    0.36713429062794417,
    0.36383482584586513,
    0.3924704629641313,
    0.37555521191694796,
    0.3804129660129547
  ],