{
  "epoch": [
    0,
    0,
    1,
    2,
    3,
    4,
    5,
    5,
    6,
    7,
    8,
    9,
    10,
    10,
    11,
    12,
    13,
    14,
    15,
    15,
    16,
    17,
    18,
    19,
    20,
    20,
    21,
    22,
    23,
    24,
    25,
    25,
    26,
    27,
    28,
    29,
    30,
    30,
    31
  ],
  "accuracy": [
    0.5684167011161637,
    0.8294749896651509,
    0.8697809011988425,
    0.8759818106655642,
    0.878255477470029,
    0.8778420835055808,
    0.8807358412567177
  ],
  "f1_micro": [
    0.7135802469135802,
    0.9024246008279124,
    0.9273356401384083,
    0.930939226519337,
    0.9323688138707085,
    0.9321547468717714,
    0.9337771146562608
  ],
  "f1_macro": [
    0.4192377345213333,
    0.6133744625761184,
    0.6505465477033989,
    0.6618258885633123,
    0.6616342518164298,
    0.6598597568555749,
    0.6673039259677981
  ],
  "f1_weighted": [
    0.5684167011161637,
    0.8294749896651509,
    0.8697809011988425,
    0.8759818106655642,
    0.878255477470029,
    0.8778420835055808,
    0.8807358412567177
  ],
  "auc": [
    0.5781772716520799,
    0.8480924542966243,
    0.8620694833988518,
    0.8648103718221651,
    0.8620799963955439,
    0.8599360959986784,
    0.8605616193018619
  ],
  "eval_time": [
    4.540994644165039,
    4.216675043106079,
    4.239830017089844,
    4.421137094497681,
    4.218096017837524,
    2.412513017654419,
    2.600682258605957
  ],
  "loss": [
    0.34986817836761475,
    0.32443120649882723,
    0.32693122114454,
    0.3157145742859159,
    0.29832657320158823,
    0.27019182060446056,
    0.23949322743075235,
    0.22188488500458853,
    0.20528581951345717,
    0.1972549557685852,
    0.1905655562877655,
    0.18471133708953857,
    0.18005331499235971,
    0.18201705174786703,
    0.17688372092587606,
    0.17798409504549845,
    0.1763522071497781,
    0.17718832407678878,
    0.17094209577356065,
    0.17267288054738725,
    0.17122502199241094,
    0.16698458365031651,
    0.1649398399250848,
    0.169439720255988,
    0.1654857758964811,
    0.16418790178639547,
    0.16212347788470133,
    0.16067653468676976,
    0.16109496355056763,
    0.1605104442153658,
    0.15611407160758972,
    0.15630016369479044
  ],
  "edge_loss": [
    0.34986817836761475,
    0.32376177821840557,
    0.3245772421360016,
    0.310565431203161,
    0.2895203573363168,
    0.2577749086277826,
    0.2216302752494812,
    0.19589476500238692,
    0.17450041430337088,
    0.16736638333116258,
    0.16249296069145203,
    0.15623404192073004,
    0.15070788988045283,
    0.15244753658771515,
    0.14741493335791997,
    0.14862354738371714,
    0.14731650160891668,
    0.14780682857547486,
    0.14171357878616878,
    0.14341178962162562,
    0.14126205231462205,
    0.13728651936565126,
    0.13488100043364934,
    0.14050192279475077,
    0.135494202375412,
    0.13421106657811574,
    0.13276748678513936,
    0.13104720839432307,
    0.12891351644481933,
    0.13129886026893342,
    0.12487132208687919,
    0.12549738160201482
  ],
  "motif_loss": [
    0.0,
    5.01390199393167e-05,
    0.00022691127586378052,
    0.0004534624957679106,
    0.0007132254873535462,
    0.001038039568811655,
    0.0012566613898213422,
    0.0014873177611402103,
    0.0018918328985039676,
    0.002181952802597412,
    0.0023739063846213476,
    0.0025128969656569617,
    0.002583982057071158,
    0.002560974098742008,
    0.0025450857023575474,
    0.0025252103805541992,
    0.002415452085967575,
    0.002437603027958955,
    0.002505355647632054,
    0.0024512377234974076,
    0.0025040051301143,
    0.002435989012675626,
    0.002430422098508903,
    0.0025649639179131816,
    0.0024001651909202337,
    0.0023856982588768005,
    0.002580587353025164,
    0.002466832287609577,
    0.002331145141007645,
    0.002459330051871283,
    0.002563511287527425,
    0.0025056194447513136
  ],
  "triad_loss": [
    0.0,
    0.000619295219491635,
    0.0021270618308335543,
    0.004695680192006486,
    0.00809298681893519,
    0.0113788777962327,
    0.016606292155172144,
    0.024502798382725035,
    0.028893572145274708,
    0.027706620150378773,
    0.025698691872613772,
    0.02596439634050642,
    0.02676144428551197,
    0.02700853773525783,
    0.026923700368830135,
    0.026835335418581963,
    0.026620253920555115,
    0.0269438914422478,
    0.02672316293631281,
    0.02680985097374235,
    0.02745896072259971,
    0.02726207221192973,
    0.0276284177920648,
    0.026372837434921945,
    0.027591406234673092,
    0.027591134554573467,
    0.02677540241607598,
    0.027162494670067514,
    0.029850301199725697,
    0.02675225692135947,
    0.02867924022887434,
    0.02829716487654618
  ],
  "alpha": [
    0.0,
    0.0004894348370484647,
    0.0019098300562505255,
    0.004122147477075269,
    0.0069098300562505256,
    0.009999999999999998,
    0.013090169943749475,
    0.01587785252292473,
    0.018090169943749474,
    0.019510565162951538,
    0.02,
    0.02,
    0.02,
    0.02,
    0.02,
    0.02,
    0.02,
    0.02,
    0.02,
    0.02,
    0.02,
    0.02,
    0.02,
    0.02,
    0.02,
    0.02,
    0.02,
    0.02,
    0.02,
    0.02,
    0.02,
    0.02
  ],
  "beta": [
    0.0,
    0.0004894348370484647,
    0.0019098300562505255,
    0.004122147477075269,
    0.0069098300562505256,
    0.009999999999999998,
    0.013090169943749475,
    0.01587785252292473,
    0.018090169943749474,
    0.019510565162951538,
    0.02,
    0.02,
    0.02,
    0.02,
    0.02,
    0.02,
    0.02,
    0.02,
    0.02,
    0.02,
    0.02,
    0.02,
    0.02,
    0.02,
    0.02,
    0.02,
    0.02,
    0.02,
    0.02,
    0.02,
    0.02,
    0.02
  ],
  "train_time": [
    9.16748046875,
    13.842072248458862,
    13.556822299957275,
    14.463025331497192,
    14.602502346038818,
    14.657853364944458,
    13.804024934768677,
    14.215839385986328,
    14.242174625396729,
    14.180573225021362,
    14.126312494277954,
    13.527992486953735,
    13.965444087982178,
    14.472177982330322,
    13.953151226043701,
    13.583184242248535,
    13.553727865219116,
    14.26456093788147,
    13.485660076141357,
    14.021170139312744,
    13.508979082107544,
    14.326353311538696,
    13.652037858963013,
    13.56830644607544,
    13.757950067520142,
    14.364432096481323,
    13.487961053848267,
    13.560243368148804,
    13.530539512634277,
    14.119012117385864,
    14.125202655792236,
    14.045034646987915
  ],
  "epoch_time": [
    13.715388536453247,
    13.842072248458862,
    13.556822299957275,
    14.463025331497192,
    14.602502346038818,
    18.887850522994995,
    13.804024934768677,
    14.215839385986328,
    14.242174625396729,
    14.180573225021362,
    18.373143434524536,
    13.527992486953735,
    13.965444087982178,
    14.472177982330322,
    13.953151226043701,
    18.014320850372314,
    13.553727865219116,
    14.26456093788147,
    13.485660076141357,
    14.021170139312744,
    17.72707509994507,
    14.326353311538696,
    13.652037858963013,
    13.56830644607544,
    13.757950067520142,
    16.777945280075073,
    13.487961053848267,
    13.560243368148804,
    13.530539512634277,
    14.119012117385864,
    16.725884914398193,
    14.045034646987915
  ],
  "lr": [
    0.001,
    0.001,
    0.001,
    0.001,
    0.001,
    0.001,
    0.001,
    0.001,
    0.001,
    0.001,
    0.001,
    0.001,
    0.001,
    0.001,
    0.001,
    0.001,
    0.001,
    0.001,
    0.001,
    0.001,
    0.001,
    0.001,
    0.001,
    0.001,
    0.001,
    0.001,
    0.001,
    0.001,
    0.001,
    0.001,
    0.001,
    0.001
  ],